{
    "2016": {
        "Hawaii": 0.016101694915254237,
        "Florida": 0.8425847457627119,
        "Texas": 0.636864406779661,
        "Louisiana": 0.39449152542372884,
        "Mississippi": 0.1716101694915254,
        "Alabama": 0.2584745762711864,
        "Georgia": 0.33559322033898303,
        "Arizona": 0.11101694915254237,
        "New Mexico": 0.07902542372881356,
        "South Carolina": 0.29639830508474574,
        "California": 0.7457627118644068,
        "Arkansas": 0.14067796610169492,
        "Oklahoma": 0.17521186440677966,
        "North Carolina": 0.4080508474576271,
        "Tennessee": 0.38495762711864406,
        "Nevada": 0.10317796610169491,
        "Missouri": 0.3091101694915254,
        "Virginia": 0.28771186440677965,
        "Kentucky": 0.000847457627118644,
        "Illinois": 1.0,
        "Kansas": 0.11186440677966102,
        "Utah": 0.04703389830508475,
        "Colorado": 0.15720338983050847,
        "West Virginia": 0.07372881355932204,
        "Indiana": 0.28622881355932206,
        "Maryland": 0.20296610169491525,
        "Delaware": 0.06673728813559322,
        "Ohio": 0.4692796610169492,
        "District of Columbia": 0.000423728813559322,
        "New Jersey": 0.24258474576271186,
        "Pennsylvania": 0.008050847457627118,
        "Iowa": 0.13135593220338984,
        "New York": 0.5103813559322034,
        "Connecticut": 0.1635593220338983,
        "Wyoming": 0.026271186440677965,
        "Rhode Island": 0.04703389830508475,
        "Massachusetts": 0.00423728813559322,
        "Michigan": 0.25042372881355934,
        "Oregon": 0.10953389830508474,
        "Idaho": 0.029661016949152543,
        "Wisconsin": 0.1705508474576271,
        "New Hampshire": 0.001059322033898305,
        "Nebraska": 0.000211864406779661,
        "South Dakota": 0.025211864406779663,
        "Maine": 0.04851694915254237,
        "Washington": 0.1483050847457627,
        "Montana": 0.000423728813559322,
        "North Dakota": 0.02902542372881356,
        "Alaska": 0.08813559322033898,
        "maximum": 4720,
        "minimum": 1
    },
    "2017": {
        "Hawaii": 0.01293823038397329,
        "Florida": 0.8274207011686143,
        "Texas": 0.1951168614357262,
        "Louisiana": 0.3868948247078464,
        "Alabama": 0.2863105175292154,
        "Mississippi": 0.19970784641068448,
        "Georgia": 0.40129382303839733,
        "Arizona": 0.11853088480801335,
        "New Mexico": 0.08806343906510851,
        "South Carolina": 0.3407762938230384,
        "California": 0.922787979966611,
        "Arkansas": 0.16423205342237063,
        "Oklahoma": 0.17174457429048415,
        "North Carolina": 0.42132721202003337,
        "Tennessee": 0.3831385642737897,
        "Nevada": 0.08806343906510851,
        "Missouri": 0.3510016694490818,
        "Virginia": 0.2988313856427379,
        "Kentucky": 0.05926544240400668,
        "Kansas": 0.1147746243739566,
        "Utah": 0.04486644407345576,
        "Colorado": 0.1608931552587646,
        "Illinois": 1.0,
        "West Virginia": 0.07846410684474124,
        "Indiana": 0.2921535893155259,
        "Ohio": 0.5363105175292153,
        "Delaware": 0.0778380634390651,
        "Maryland": 0.24290484140233723,
        "District of Columbia": 0.00041736227045075126,
        "New Jersey": 0.2610601001669449,
        "Pennsylvania": 0.13000834724540902,
        "Iowa": 0.11665275459098498,
        "New York": 0.40296327212020033,
        "Connecticut": 0.15525876460767946,
        "Wyoming": 0.01857262103505843,
        "Rhode Island": 0.038397328881469114,
        "Massachusetts": 0.10580133555926544,
        "Michigan": 0.27545909849749584,
        "Oregon": 0.10225375626043405,
        "Idaho": 0.032345575959933225,
        "South Dakota": 0.038814691151919864,
        "Wisconsin": 0.27796327212020033,
        "New Hampshire": 0.01335559265442404,
        "Maine": 0.040901502504173626,
        "Minnesota": 0.00020868113522537563,
        "Montana": 0.010225375626043406,
        "Washington": 0.17654424040066777,
        "North Dakota": 0.027337228714524205,
        "Alaska": 0.048414023372287146,
        "maximum": 4792,
        "minimum": 1
    },
    "2015": {
        "Hawaii": 0.02193623866627669,
        "Florida": 0.7861947937993565,
        "Texas": 0.9061128985083358,
        "Louisiana": 0.4869844983913425,
        "Mississippi": 0.1924539338988008,
        "Alabama": 0.3012576776835332,
        "Georgia": 0.8084235156478502,
        "Arizona": 0.13922199473530272,
        "New Mexico": 0.1143609242468558,
        "South Carolina": 0.493711611582334,
        "California": 0.9388710149166423,
        "Arkansas": 0.1570634688505411,
        "Oklahoma": 0.2430535244223457,
        "North Carolina": 0.5402164375548406,
        "Tennessee": 0.5124305352442234,
        "Nevada": 0.14185434337525593,
        "Missouri": 0.4960514770400702,
        "Virginia": 0.3857853173442527,
        "Kentucky": 0.000584966364434045,
        "Illinois": 1.0,
        "Utah": 0.09271716876279613,
        "Kansas": 0.1336648142731793,
        "Colorado": 0.2287218484937116,
        "West Virginia": 0.09798186604270255,
        "Indiana": 0.37876572097104416,
        "Ohio": 0.6092424685580579,
        "Maryland": 0.28926586721263525,
        "Delaware": 0.10675636150921322,
        "New Jersey": 0.30886224042117577,
        "Oregon": 0.19918104708979234,
        "Pennsylvania": 0.006434630008774495,
        "Iowa": 0.16993272886809008,
        "New York": 0.8414741152383738,
        "Connecticut": 0.21409768938286047,
        "Wyoming": 0.05761918689675344,
        "Rhode Island": 0.06522374963439602,
        "Massachusetts": 0.0035097981866042704,
        "Michigan": 0.363849078677976,
        "Idaho": 0.05030710734132787,
        "Wisconsin": 0.325241298625329,
        "South Dakota": 0.02778590231061714,
        "Maine": 0.06727113190991518,
        "New Hampshire": 0.0002924831822170225,
        "Washington": 0.2664521789997075,
        "North Dakota": 0.04357999415033636,
        "Alaska": 0.11026615969581749,
        "maximum": 3419,
        "minimum": 1
    },
    "2014": {
        "Hawaii": 0.012661637931034482,
        "Florida": 0.8434806034482759,
        "Texas": 0.8189655172413793,
        "Louisiana": 0.5102370689655172,
        "Alabama": 0.35398706896551724,
        "Mississippi": 0.2109375,
        "Georgia": 0.5471443965517241,
        "Arizona": 0.1497844827586207,
        "New Mexico": 0.08566810344827586,
        "South Carolina": 0.44665948275862066,
        "California": 1.0,
        "Arkansas": 0.15355603448275862,
        "North Carolina": 0.5821659482758621,
        "Oklahoma": 0.17295258620689655,
        "New Jersey": 0.4073275862068966,
        "Tennessee": 0.4267241379310345,
        "Nevada": 0.10102370689655173,
        "Delaware": 0.1322737068965517,
        "Virginia": 0.34186422413793105,
        "Missouri": 0.3421336206896552,
        "Illinois": 0.8283943965517241,
        "Kansas": 0.10237068965517242,
        "Utah": 0.057920258620689655,
        "Kentucky": 0.0016163793103448276,
        "West Virginia": 0.09698275862068965,
        "Colorado": 0.14951508620689655,
        "Indiana": 0.32112068965517243,
        "Ohio": 0.6363146551724138,
        "Maryland": 0.25242456896551724,
        "Oregon": 0.10721982758620689,
        "Pennsylvania": 0.004849137931034483,
        "Iowa": 0.15247844827586207,
        "New York": 0.509698275862069,
        "Connecticut": 0.1554418103448276,
        "Wyoming": 0.017241379310344827,
        "Rhode Island": 0.050107758620689655,
        "Michigan": 0.3884698275862069,
        "Massachusetts": 0.0016163793103448276,
        "Idaho": 0.030980603448275863,
        "Wisconsin": 0.28663793103448276,
        "South Dakota": 0.018857758620689655,
        "New Hampshire": 0.0005387931034482759,
        "Maine": 0.049299568965517244,
        "Minnesota": 0.00026939655172413793,
        "Washington": 0.17591594827586207,