{"total": {"Hawaii": 0.5744079205988327, "Florida": 0.9843890573892286, "Texas": 0.9522236309232639, "Louisiana": 0.9185473884208936, "Alabama": 0.8784792355055887, "Mississippi": 0.8339672938126844, "Georgia": 0.9321881766222143, "Arizona": 0.7913726694292357, "New Mexico": 0.7557169624187449, "South Carolina": 0.9049544677495474, "California": 0.9923537218256697, "Arkansas": 0.8105783297839625, "Oklahoma": 0.8311933663910817, "North Carolina": 0.9277518084183358, "New Jersey": 0.8790635496231284, "Tennessee": 0.9144044803529364, "Nevada": 0.7724808196082708, "Delaware": 0.7584283546471755, "Missouri": 0.900469375820253, "Virginia": 0.887338213010824, "Kentucky": 0.5878033950706977, "Illinois": 1.0, "Utah": 0.710305160283413, "Kansas": 0.7806726913092052, "Colorado": 0.8217441628068161, "West Virginia": 0.7497075092195731, "Indiana": 0.8846135381236224, "Maryland": 0.857991877486722, "Ohio": 0.9431339131568631, "Oregon": 0.7895078547465741, "District of Columbia": 0.14320159184573536, "Pennsylvania": 0.6768617014694327, "Iowa": 0.8007571946246264, "New York": 0.9417707796079766, "Connecticut": 0.8208340413845313, "Wyoming": 0.636441091375132, "Rhode Island": 0.6924266845333344, "Massachusetts": 0.6508592842763077, "Michigan": 0.8836227563748948, "Idaho": 0.6576443850045555, "Wisconsin": 0.8645420920041544, "South Dakota": 0.635565678396877, "New Hampshire": 0.4417715408876701, "Nebraska": 0.0, "Maine": 0.6953014697057778, "Minnesota": 0.07160079592286768, "Montana": 0.40615016929820397, "Washington": 0.8307624735886397, "North Dakota": 0.6473899917205052, "Alaska": 0.7286220969250111, "maximum": 16006, "minimum": 1}, "2016": {"Hawaii": 0.5119333927917336, "Florida": 0.9797529716920508, "Texas": 0.9466640947363756, "Louisiana": 0.8900466250858204, "Mississippi": 0.7916524049535832, "Alabama": 0.8400676526254924, "Georgia": 0.8709324149491451, "Arizona": 0.7401671795566533, "New Mexico": 0.6999862362456477, "South Carolina": 0.8562513277731091, "California": 0.9653235311816785, "Arkansas": 0.7681580385366056, "Oklahoma": 0.7941076670881652, "North Carolina": 0.894041409475081, "Tennessee": 0.8871547042712731, "Nevada": 0.7315109934271727, "Missouri": 0.8612153629724683, "Virginia": 0.8527352285662768, "Kentucky": 0.16387302563616912, "Illinois": 1.0, "Kansas": 0.7410661146926226, "Utah": 0.6386472555426772, "Colorado": 0.7812872131204567, "West Virginia": 0.6917853479699732, "Indiana": 0.8521243259109582, "Maryland": 0.8114895418019576, "Delaware": 0.6800081641785396, "Ohio": 0.9105679218133668, "District of Columbia": 0.08193651281808456, "New Jersey": 0.8325677127763915, "Pennsylvania": 0.429996879973649, "Iowa": 0.7600532862348998, "New York": 0.9204927027306515, "Connecticut": 0.7859724789910416, "Wyoming": 0.5698025951254907, "Rhode Island": 0.6386472555426772, "Massachusetts": 0.3541237167455782, "Michigan": 0.8363271596795991, "Oregon": 0.7385774038084364, "Idaho": 0.5841485893016639, "Wisconsin": 0.79092045586136, "New Hampshire": 0.19025069110940906, "Nebraska": 0.0, "South Dakota": 0.5649373240416385, "Maine": 0.6423170216669825, "Washington": 0.774399280411073, "Montana": 0.08193651281808456, "North Dakota": 0.5815879967486708, "Alaska": 0.7128836904884397, "maximum": 4720, "minimum": 1}, "2017": {"Hawaii": 0.4869945668851814, "Florida": 0.9776461779720921, "Texas": 0.8071724066849058, "Louisiana": 0.8879485950120936, "Alabama": 0.8524221661952319, "Mississippi": 0.8099166753372268, "Georgia": 0.8922603683993394, "Arizona": 0.748359124101939, "New Mexico": 0.7132999486023337, "South Carolina": 0.8729714741546896, "California": 0.9905181600992534, "Arkansas": 0.7868391539409699, "Oklahoma": 0.7921169732960378, "North Carolina": 0.8980087553245758, "Tennessee": 0.8867973836027462, "Nevada": 0.7132999486023337, "Missouri": 0.8764600621411641, "Virginia": 0.8574727902145879, "Kentucky": 0.6665689812348593, "Kansas": 0.7445592104101642, "Utah": 0.6337258001296073, "Colorado": 0.7844154849917152, "Illinois": 1.0, "West Virginia": 0.6996810443478413, "Indiana": 0.8548060499707771, "Ohio": 0.9264821490937711, "Delaware": 0.6987357930966839, "Maryland": 0.8330224093798659, "District of Columbia": 0.0817901428670797, "New Jersey": 0.841527826146272, "Pennsylvania": 0.7592651226415568, "Iowa": 0.7464744627394599, "New York": 0.8927502424127713, "Connecticut": 0.7802091619922881, "Wyoming": 0.5296511624878659, "Rhode Island": 0.6153532072552288, "Massachusetts": 0.7349532958084996, "Michigan": 0.8478629749093474, "Oregon": 0.730928893782385, "Idaho": 0.5951152546260253, "South Dakota": 0.6166288762581288, "Wisconsin": 0.8489308395142351, "New Hampshire": 0.49074085720247823, "Maine": 0.6228082060415411, "Minnesota": 0.0, "Montana": 0.4592279203073817, "Washington": 0.7953693773595765, "North Dakota": 0.5752646721403526, "Alaska": 0.6427053882382813, "maximum": 4792, "minimum": 1}, "2015": {"Hawaii": 0.530592756020972, "Florida": 0.9704377987500384, "Texas": 0.9878837266848518, "Louisiana": 0.9115750467001683, "Mississippi": 0.7974834066367895, "Alabama": 0.8525532673035381, "Georgia": 0.9738642616950737, "Arizona": 0.7576919646961396, "New Mexico": 0.7335174784168429, "South Carolina": 0.9132610610082605, "California": 0.9922482030158846, "Arkansas": 0.7725105352001074, "Oklahoma": 0.8261698878516335, "North Carolina": 0.9243237574903963, "Tennessee": 0.9178343833022623, "Nevada": 0.7599938939956878, "Missouri": 0.9138421205044404, "Virginia": 0.882946769714793, "Kentucky": 0.0851835287533038, "Illinois": 1.0, "Utah": 0.7077336366660765, "Kansas": 0.7526859494857293, "Colorado": 0.8187010071701468, "West Virginia": 0.7145209116094066, "Indiana": 0.8806900479178134, "Ohio": 0.9391013085799939, "Maryland": 0.847561349706339, "Delaware": 0.7250611269232036, "New Jersey": 0.8556169352758866, "Oregon": 0.8017057168593609, "Pennsylvania": 0.3798701215095823, "Iowa": 0.7821887534274091, "New York": 0.9787885175076527, "Connecticut": 0.810580890782277, "Wyoming": 0.6492732703218339, "Rhode Island": 0.6645081809265061, "Massachusetts": 0.3053797562596965, "Michigan": 0.8757523325035454, "Idaho": 0.6325954372618128, "Wisconsin": 0.8619671078213297, "South Dakota": 0.5596434841173136, "Maine": 0.6683065273383791, "New Hampshire": 0.0, "Washington": 0.837465443284976, "North Dakota": 0.6149542492377342, "Alaska": 0.7290364769115921, "maximum": 3419, "minimum": 1}, "2014": {"Hawaii": 0.46842618941285286, "Florida": 0.9792904709419076, "Texas": 0.9757019861209918, "Louisiana": 0.9181344294565769, "Alabama": 0.873652063077107, "Mississippi": 0.8106665461212119, "Georgia": 0.9266311464667634, "Arizona": 0.7690129606777467, "New Mexico": 0.7010369605669049, "South Carolina": 0.9019434502290403, "California": 1.0, "Arkansas": 0.7720385209601708, "North Carolina": 0.9341795505837992, "Oklahoma": 0.7865107467244652, "New Jersey": 0.8907285674147296, "Tennessee": 0.8963884007275099, "Nevada": 0.7210963475904315, "Delaware": 0.7538871261463443, "Virginia": 0.8694124537792105, "Missouri": 0.8695082903148644, "Illinois": 0.9770947263176413, "Kansas": 0.7227078211587867, "Utah": 0.6534158599826717, "Kentucky": 0.21799347644285427, "West Virginia": 0.7161297610292146, "Colorado": 0.7687939426605053, "Indiana": 0.8617966688141264, "Ohio": 0.9450001019567836, "Maryland": 0.8325114740625355, "Oregon": 0.7283385446554879, "Pennsylvania": 0.35165556456497343, "Iowa": 0.7711817253366666, "New York": 0.9180058880017022, "Connecticut": 0.773523546075375, "Wyoming": 0.5059883299244106, "Rhode Island": 0.635787729311243, "Michigan": 0.8849613988715899, "Massachusetts": 0.21799347644285427, "Idaho": 0.5772896797319187, "Wisconsin": 0.8479759277429177, "South Dakota": 0.5168909462296728, "New Hampshire": 0.08433138832073508, "Maine": 0.6338094015644176, "Minnesota": 0.0, "Washington": 0.7885776832825689, "North Dakota": 0.5718814793438369, "Alaska": 0.5940635359639205, "maximum": 3712, "minimum": 1}}